{
    "twin_outputs": {
        "outField_mode_1": 1275.0400603130554,
        "outField_mode_2": 3.081889052361495,
        "outField_mode_3": -0.004510335113495006,
        "outField_mode_4": 0.003368772639930021
    },
    "output_parameters": null,
    "unit": "mm",
    "named_selection": "All Body"
}